sdss_name,ra,dec,sdss_z,sdss_source_z,FIRST,source_tier_first,NVSS,source_tier_nvss,GLEAM,source_tier_gleam,RACS-DR1_1,source_tier_racs,recno,RACS-DR1_2,ID,Tile,SBID,MJD,Ng,RAJ2000,DEJ2000,e_RAJ2000,e_DEJ2000,Ftot,e_Ftot,s_Ftot,Fpk,e_Fpk,amaj,e_amaj,bmin,e_bmin,PA,e_PA,amaj0,e_amaj0,bmin0,e_bmin0,PA0,e_PA0,Mult,Sep,Noise,GLON,GLAT,Flag
013019.75+074009.6,22.582319439381934,7.6693580142267175,4.486,PIPE,J013019.7+074009,1,013019+074009,1,J013020+073949,1,J013019.7+074009,1,141911,J013019.7+074009,http://vizier.u-strasbg.fr/viz-bin/VizieR-5?-info=XML&-out.add=.&-source=J/other/PASA/38.58/galcut&recno=  141911,RACS_0126+06A,8572,58598.19703,1,22.582101,7.669253,0.25,0.24,25.806,1.052,2.535,26.028,0.611,25.23,0.6,24.57,0.57,106.51,36.53,,0.6,,0.57,0.0,36.53,http://vizier.u-strasbg.fr/viz-bin/VizieR?-6N&-info=XML&-out.add=.&&lt;&quot;Note&quot;&catid=1019003803&notid=6&-out.emph=%-1s,1.6167,0.612,139.455076,-53.950162,-
102623.62+254259.4,156.5984526676036,25.71651275619188,5.25,VI,J102623.6+254259,1,102623+254259,1,J102623+254302,1,J102623.6+254259,1,910900,J102623.6+254259,http://vizier.u-strasbg.fr/viz-bin/VizieR-5?-info=XML&-out.add=.&-source=J/other/PASA/38.58/galcut&recno=  910900,RACS_1024+25A,13665,58970.48801,1,156.598418,25.716631,0.01,0.01,297.501,0.462,21.33,292.623,0.264,25.23,0.02,25.19,0.02,102.56,21.42,3.39,0.02,3.05,0.02,102.56,21.42,http://vizier.u-strasbg.fr/viz-bin/VizieR?-6N&-info=XML&-out.add=.&&lt;&quot;Note&quot;&catid=1019003803&notid=6&-out.emph=%-1s,0.6802,0.263,207.04678,57.608277,-
021655.64+051018.3,34.23183767175351,5.171758774590351,3.818,PIPE,J021655.6+051018,1,021655+051018,1,J021656+051016,1,J021655.7+051020,1,220100,J021655.7+051020,http://vizier.u-strasbg.fr/viz-bin/VizieR-5?-info=XML&-out.add=.&-source=J/other/PASA/38.58/galcut&recno=  220100,RACS_0216+06A,10383,58787.71027,2,34.232313,5.172497,0.1,0.09,43.325,0.881,3.641,36.332,0.302,27.31,0.24,25.48,0.21,32.99,5.22,10.98,0.24,4.94,0.21,32.99,5.22,http://vizier.u-strasbg.fr/viz-bin/VizieR?-6N&-info=XML&-out.add=.&&lt;&quot;Note&quot;&catid=1019003803&notid=6&-out.emph=%-1s,1.1265,0.302,158.737956,-51.655844,-
010719.83+013401.3,16.83264965067616,1.567054446761795,3.282,PIPE,J010719.8+013401,1,010719+013400,1,J010721+013349,1,J010719.7+013401,1,100327,J010719.7+013401,http://vizier.u-strasbg.fr/viz-bin/VizieR-5?-info=XML&-out.add=.&-source=J/other/PASA/38.58/galcut&recno=  100327,RACS_0102+00A,8582,58600.09571,1,16.832386,1.56715,0.32,0.23,184.157,8.216,15.711,185.834,4.754,26.87,0.74,23.06,0.55,89.82,7.32,,0.74,,0.55,0.0,7.32,http://vizier.u-strasbg.fr/viz-bin/VizieR?-6N&-info=XML&-out.add=.&&lt;&quot;Note&quot;&catid=1019003803&notid=6&-out.emph=%-1s,2.0458,4.785,131.158341,-61.050515,-
012612.31+113016.3,21.55131145061796,11.504530618917316,3.099,PIPE,J012612.4+113017,1,012612+113009,1,J012612+113005,1,J012612.3+113011,1,121392,J012612.3+113011,http://vizier.u-strasbg.fr/viz-bin/VizieR-5?-info=XML&-out.add=.&-source=J/other/PASA/38.58/galcut&recno=  121392,RACS_0115+12A,8572,58598.15429,2,21.551475,11.503105,0.17,0.1,82.139,1.773,6.496,58.489,0.585,32.92,0.4,24.87,0.23,6.93,1.78,,0.4,,0.23,0.0,1.78,http://vizier.u-strasbg.fr/viz-bin/VizieR?-6N&-info=XML&-out.add=.&&lt;&quot;Note&quot;&catid=1019003803&notid=6&-out.emph=%-1s,2.7655,0.585,136.382594,-50.458417,-
002749.04+003300.2,6.9543474038865725,0.550056445164072,3.089,PIPE,J002748.9+003300,1,002748+003258,1,J002748+003255,1,J002748.9+003300,1,69640,J002748.9+003300,http://vizier.u-strasbg.fr/viz-bin/VizieR-5?-info=XML&-out.add=.&-source=J/other/PASA/38.58/galcut&recno=   69640,RACS_0037+00A,8578,58599.14417,1,6.954086,0.550265,0.35,0.33,35.746,1.901,3.553,33.865,1.058,26.41,0.85,25.0,0.76,59.13,24.12,8.45,0.85,0.33,0.76,59.13,24.12,http://vizier.u-strasbg.fr/viz-bin/VizieR?-6N&-info=XML&-out.add=.&&lt;&quot;Note&quot;&catid=1019003803&notid=6&-out.emph=%-1s,2.4196,1.045,110.380105,-61.744468,-
094004.80+052630.9,145.02000341768743,5.441942827044473,4.503,VI,J094004.8+052630,1,094004+052631,1,J094004+052633,1,J094004.7+052631,1,863347,J094004.7+052631,http://vizier.u-strasbg.fr/viz-bin/VizieR-5?-info=XML&-out.add=.&-source=J/other/PASA/38.58/galcut&recno=  863347,RACS_0943+06A,13661,58970.44136,1,145.019826,5.442085,0.04,0.04,88.185,0.617,6.701,85.552,0.349,25.51,0.1,25.26,0.1,27.3,16.7,5.06,0.1,3.59,0.1,27.3,16.7,http://vizier.u-strasbg.fr/viz-bin/VizieR?-6N&-info=XML&-out.add=.&&lt;&quot;Note&quot;&catid=1019003803&notid=6&-out.emph=%-1s,1.1956,0.346,229.552475,39.636861,-
083549.42+182520.0,128.95593909853739,18.422248224905307,4.412,VI,J083549.4+182520,1,083549+182519,1,J083548+182504,1,J083549.4+182519,1,773268,J083549.4+182519,http://vizier.u-strasbg.fr/viz-bin/VizieR-5?-info=XML&-out.add=.&-source=J/other/PASA/38.58/galcut&recno=  773268,RACS_0843+18A,8548,58595.50392,1,128.95586,18.422192,0.06,0.06,63.177,0.646,4.965,60.975,0.364,25.51,0.15,25.4,0.15,148.66,57.24,5.03,0.15,4.46,0.15,148.66,57.24,http://vizier.u-strasbg.fr/viz-bin/VizieR?-6N&-info=XML&-out.add=.&&lt;&quot;Note&quot;&catid=1019003803&notid=6&-out.emph=%-1s,1.9014,0.361,206.838929,31.032627,-
153533.88+025423.3,233.8911962705384,2.906495793639392,4.388,VI,J153533.8+025423,1,153533+025422,1,J153533+025421,1,J153533.8+025422,1,1392087,J153533.8+025422,http://vizier.u-strasbg.fr/viz-bin/VizieR-5?-info=XML&-out.add=.&-source=J/other/PASA/38.58/galcut&recno= 1392087,RACS_1531+00A,8589,58601.58773,1,233.89099,2.906344,0.04,0.04,79.354,0.56,6.081,77.284,0.318,25.47,0.1,25.23,0.1,163.75,21.55,4.67,0.1,3.43,0.1,163.75,21.55,http://vizier.u-strasbg.fr/viz-bin/VizieR?-6N&-info=XML&-out.add=.&&lt;&quot;Note&quot;&catid=1019003803&notid=6&-out.emph=%-1s,3.119,0.316,8.459769,43.917174,-
102107.57+220921.4,155.28156874881194,22.1559589972318,4.262,VI,J102107.5+220921,1,102107+220921,1,J102107+220924,1,J102107.5+220922,1,911655,J102107.5+220922,http://vizier.u-strasbg.fr/viz-bin/VizieR-5?-info=XML&-out.add=.&-source=J/other/PASA/38.58/galcut&recno=  911655,RACS_1024+25A,13665,58970.48801,1,155.28148,22.156221,0.06,0.06,197.951,1.977,14.492,195.412,1.132,25.29,0.15,25.07,0.14,7.56,30.96,3.6,0.15,1.84,0.14,7.56,30.96,http://vizier.u-strasbg.fr/viz-bin/VizieR?-6N&-info=XML&-out.add=.&&lt;&quot;Note&quot;&catid=1019003803&notid=6&-out.emph=%-1s,3.0925,1.128,212.835492,55.61087,-
011540.51+035643.3,18.918795810657684,3.945377732681867,4.189,VI,J011540.5+035643,1,011540+035642,1,J011540+035709,1,J011540.5+035643,1,142939,J011540.5+035643,http://vizier.u-strasbg.fr/viz-bin/VizieR-5?-info=XML&-out.add=.&-source=J/other/PASA/38.58/galcut&recno=  142939,RACS_0126+06A,8572,58598.19703,1,18.918752,3.945521,0.04,0.04,183.895,1.195,13.426,179.952,0.68,25.52,0.1,25.08,0.09,17.29,7.94,5.09,0.1,1.29,0.09,17.29,7.94,http://vizier.u-strasbg.fr/viz-bin/VizieR?-6N&-info=XML&-out.add=.&&lt;&quot;Note&quot;&catid=1019003803&notid=6&-out.emph=%-1s,3.6506,0.677,134.519085,-58.379901,-
142048.01+120545.9,215.2000496259252,12.096100000887946,4.026,VI,J142048.0+120546,1,142047+120547,1,J142048+120550,1,J142047.9+120546,1,1284539,J142047.9+120546,http://vizier.u-strasbg.fr/viz-bin/VizieR-5?-info=XML&-out.add=.&-source=J/other/PASA/38.58/galcut&recno= 1284539,RACS_1418+12A,13590,58969.62347,1,215.199961,12.09635,0.03,0.03,132.901,0.543,9.818,129.992,0.309,25.33,0.06,25.23,0.06,104.22,26.32,4.04,0.06,3.41,0.06,104.22,26.32,http://vizier.u-strasbg.fr/viz-bin/VizieR?-6N&-info=XML&-out.add=.&&lt;&quot;Note&quot;&catid=1019003803&notid=6&-out.emph=%-1s,0.6631,0.307,1.641786,64.219063,-
105407.13-012342.3,163.5297439214346,-1.395110014,3.984,VI,J105407.1-012342,1,105407-012342,1,J105407-012349,1,J105407.0-012342,1,981375,J105407.0-012342,http://vizier.u-strasbg.fr/viz-bin/VizieR-5?-info=XML&-out.add=.&-source=J/other/PASA/38.58/galcut&recno=  981375,RACS_1057+00A,8589,58601.53404,1,163.529501,-1.395143,0.07,0.07,86.173,1.013,6.61,84.599,0.578,25.46,0.18,25.01,0.17,72.66,15.29,4.84,0.18,0.29,0.17,72.66,15.29,http://vizier.u-strasbg.fr/viz-bin/VizieR?-6N&-info=XML&-out.add=.&&lt;&quot;Note&quot;&catid=1019003803&notid=6&-out.emph=%-1s,1.6897,0.575,253.489102,49.86886,-
034402.85-065300.6,56.011882,-6.883502,3.942,DR6Q_HW,J034402.8-065300,1,034402-065254,1,J034402-065301,1,J034403.0-065255,1,381488,J034403.0-065255,http://vizier.u-strasbg.fr/viz-bin/VizieR-5?-info=XML&-out.add=.&-source=J/other/PASA/38.58/galcut&recno=  381488,RACS_0355-06A,8583,58600.3548,1,56.012686,-6.882124,0.25,0.3,21.075,0.798,2.13,17.911,0.41,30.26,0.77,24.34,0.5,33.35,5.09,17.04,0.77,,0.5,33.35,5.09,http://vizier.u-strasbg.fr/viz-bin/VizieR?-6N&-info=XML&-out.add=.&&lt;&quot;Note&quot;&catid=1019003803&notid=6&-out.emph=%-1s,2.9906,0.399,194.704538,-44.365406,-
155930.97+030448.1,239.87904974515965,3.0800517491744697,3.895,VI,J155930.9+030448,1,155930+030447,1,J155931+030456,1,J155930.9+030448,1,1434529,J155930.9+030448,http://vizier.u-strasbg.fr/viz-bin/VizieR-5?-info=XML&-out.add=.&-source=J/other/PASA/38.58/galcut&recno= 1434529,RACS_1555+00A,8589,58601.59832,2,239.879094,3.080085,0.01,0.01,410.762,1.718,29.304,390.987,0.474,26.18,0.03,25.23,0.03,68.94,1.33,7.76,0.03,3.08,0.03,68.94,1.33,http://vizier.u-strasbg.fr/viz-bin/VizieR?-6N&-info=XML&-out.add=.&&lt;&quot;Note&quot;&catid=1019003803&notid=6&-out.emph=%-1s,3.2126,0.474,13.160441,39.077563,-
082323.32+155206.8,125.84717662459765,15.868564901977727,3.793,VI,J082323.3+155206,1,082323+155207,1,J082322+155153,1,J082323.2+155206,1,740146,J082323.2+155206,http://vizier.u-strasbg.fr/viz-bin/VizieR-5?-info=XML&-out.add=.&-source=J/other/PASA/38.58/galcut&recno=  740146,RACS_0817+18A,8548,58595.51451,1,125.846984,15.868529,0.06,0.06,117.538,1.123,8.8,113.205,0.632,25.6,0.14,25.39,0.14,153.59,27.6,5.42,0.14,4.31,0.14,153.59,27.6,http://vizier.u-strasbg.fr/viz-bin/VizieR?-6N&-info=XML&-out.add=.&&lt;&quot;Note&quot;&catid=1019003803&notid=6&-out.emph=%-1s,3.3077,0.626,208.279551,27.32274,-
135406.89-020603.2,208.528736,-2.100897,3.719,DR6Q_HW,J135406.8-020603,1,135406-020603,1,J135406-020605,1,J135406.8-020603,1,1238785,J135406.8-020603,http://vizier.u-strasbg.fr/viz-bin/VizieR-5?-info=XML&-out.add=.&-source=J/other/PASA/38.58/galcut&recno= 1238785,RACS_1351+00A,8589,58601.5663,1,208.528502,-2.100976,0.01,0.01,724.269,1.238,51.214,715.432,0.709,25.24,0.03,25.08,0.02,162.62,6.65,3.4,0.03,1.98,0.02,162.62,6.65,http://vizier.u-strasbg.fr/viz-bin/VizieR?-6N&-info=XML&-out.add=.&&lt;&quot;Note&quot;&catid=1019003803&notid=6&-out.emph=%-1s,2.1842,0.707,332.726575,57.100175,-
080710.74+131739.4,121.79477975113514,13.294297328184715,3.716,VI,J080710.7+131739,1,080710+131739,1,J080709+131743,1,J080710.6+131740,1,710039,J080710.6+131740,http://vizier.u-strasbg.fr/viz-bin/VizieR-5?-info=XML&-out.add=.&-source=J/other/PASA/38.58/galcut&recno=  710039,RACS_0800+12A,8568,58597.40772,1,121.79438,13.294493,0.09,0.09,48.773,0.721,3.98,47.289,0.408,25.61,0.22,25.19,0.22,52.87,21.29,5.53,0.22,2.97,0.22,52.87,21.29,http://vizier.u-strasbg.fr/viz-bin/VizieR?-6N&-info=XML&-out.add=.&&lt;&quot;Note&quot;&catid=1019003803&notid=6&-out.emph=%-1s,1.8887,0.405,209.161813,22.700389,-
083322.49+095941.2,128.3437464843796,9.99478743618365,3.713,VI,J083322.5+095941,1,083322+095941,1,J083322+095937,1,J083322.4+095941,1,745840,J083322.4+095941,http://vizier.u-strasbg.fr/viz-bin/VizieR-5?-info=XML&-out.add=.&-source=J/other/PASA/38.58/galcut&recno=  745840,RACS_0825+12A,8568,58597.41832,1,128.343432,9.994824,0.04,0.04,160.041,1.023,11.747,156.545,0.582,26.1,0.1,24.52,0.09,87.06,2.84,,0.1,,0.09,0.0,2.84,http://vizier.u-strasbg.fr/viz-bin/VizieR?-6N&-info=XML&-out.add=.&&lt;&quot;Note&quot;&catid=1019003803&notid=6&-out.emph=%-1s,3.2622,0.579,215.427597,27.145611,-
110147.88+001039.4,165.44952836375555,0.17762067190867664,3.693,VI,J110147.8+001039,1,110147+001038,1,J110148+001039,1,J110147.8+001039,1,980730,J110147.8+001039,http://vizier.u-strasbg.fr/viz-bin/VizieR-5?-info=XML&-out.add=.&-source=J/other/PASA/38.58/galcut&recno=  980730,RACS_1057+00A,8589,58601.53404,1,165.449235,0.17755,0.02,0.02,290.651,1.055,20.872,283.367,0.599,25.38,0.05,25.27,0.05,10.63,19.45,4.35,0.05,3.64,0.05,10.63,19.45,http://vizier.u-strasbg.fr/viz-bin/VizieR?-6N&-info=XML&-out.add=.&&lt;&quot;Note&quot;&catid=1019003803&notid=6&-out.emph=%-1s,0.9826,0.595,254.062832,52.324136,-
003843.98+031120.9,9.683276650663402,3.189141097906384,3.674,VI,J003843.9+031120,1,003843+031120,1,J003844+031119,1,J003843.9+031121,1,70660,J003843.9+031121,http://vizier.u-strasbg.fr/viz-bin/VizieR-5?-info=XML&-out.add=.&-source=J/other/PASA/38.58/galcut&recno=   70660,RACS_0037+06A,8578,58599.12285,1,9.683107,3.189263,0.04,0.04,182.707,1.225,13.346,178.06,0.695,25.62,0.1,25.07,0.1,96.4,6.96,5.59,0.1,1.3,0.1,96.4,6.96,http://vizier.u-strasbg.fr/viz-bin/VizieR?-6N&-info=XML&-out.add=.&&lt;&quot;Note&quot;&catid=1019003803&notid=6&-out.emph=%-1s,3.1279,0.691,116.668788,-59.52789,-
100012.26+102151.8,150.05109881034574,10.364406790930898,3.639,VI,J100012.2+102151,1,100012+102159,1,J100012+102207,1,J100012.2+102159,1,892657,J100012.2+102159,http://vizier.u-strasbg.fr/viz-bin/VizieR-5?-info=XML&-out.add=.&-source=J/other/PASA/38.58/galcut&recno=  892657,RACS_1006+12A,8568,58597.45023,4,150.05106,10.366496,0.4,0.59,93.076,1.535,7.181,34.637,0.408,69.73,1.62,28.28,0.42,122.37,1.43,65.09,1.62,13.21,0.42,122.37,1.43,http://vizier.u-strasbg.fr/viz-bin/VizieR?-6N&-info=XML&-out.add=.&&lt;&quot;Note&quot;&catid=1019003803&notid=6&-out.emph=%-1s,2.6732,0.408,227.113338,46.411956,-
075910.06+283310.8,119.79192491005938,28.55301402748549,3.59,VI,J075910.0+283311,1,075910+283311,1,J075909+283324,1,J075910.0+283311,1,733695,J075910.0+283311,http://vizier.u-strasbg.fr/viz-bin/VizieR-5?-info=XML&-out.add=.&-source=J/other/PASA/38.58/galcut&recno=  733695,RACS_0809+25A,8548,58595.47201,1,119.791689,28.553163,0.09,0.09,79.304,1.079,6.147,75.802,0.605,25.7,0.21,25.5,0.2,128.49,30.67,5.96,0.21,4.73,0.2,128.49,30.67,http://vizier.u-strasbg.fr/viz-bin/VizieR?-6N&-info=XML&-out.add=.&&lt;&quot;Note&quot;&catid=1019003803&notid=6&-out.emph=%-1s,4.0762,0.598,192.757534,26.463208,-
003407.66+073432.8,8.531951416025777,7.57578439094368,3.526,VI,J003407.6+073432,1,003407+073433,1,J003407+073428,1,J003407.6+073433,1,71051,J003407.6+073433,http://vizier.u-strasbg.fr/viz-bin/VizieR-5?-info=XML&-out.add=.&-source=J/other/PASA/38.58/galcut&recno=   71051,RACS_0037+06A,8578,58599.12285,1,8.531803,7.575964,0.05,0.05,226.358,1.75,16.438,216.186,0.98,25.66,0.12,25.51,0.12,99.49,31.59,5.76,0.12,5.06,0.12,99.49,31.59,http://vizier.u-strasbg.fr/viz-bin/VizieR?-6N&-info=XML&-out.add=.&&lt;&quot;Note&quot;&catid=1019003803&notid=6&-out.emph=%-1s,1.496,0.969,115.430295,-55.043449,-
222951.52-012934.4,337.46468934503247,-1.492899185,3.504,VI,J222951.5-012934,1,222951-012934,1,J222951-012929,1,J222951.5-012934,1,1996542,J222951.5-012934,http://vizier.u-strasbg.fr/viz-bin/VizieR-5?-info=XML&-out.add=.&-source=J/other/PASA/38.58/galcut&recno= 1996542,RACS_2233+00A,8586,58600.96121,1,337.464791,-1.492965,0.04,0.04,99.361,0.685,7.487,96.784,0.389,25.38,0.1,25.29,0.1,107.06,45.99,4.35,0.1,3.79,0.1,107.06,45.99,http://vizier.u-strasbg.fr/viz-bin/VizieR?-6N&-info=XML&-out.add=.&&lt;&quot;Note&quot;&catid=1019003803&notid=6&-out.emph=%-1s,1.699,0.386,63.967655,-47.487998,-
134052.33+090651.6,205.2180484084655,9.114351886930201,3.467,VI,J134052.3+090651,1,134052+090651,1,J134052+090656,1,J134052.2+090651,1,1242838,J134052.2+090651,http://vizier.u-strasbg.fr/viz-bin/VizieR-5?-info=XML&-out.add=.&-source=J/other/PASA/38.58/galcut&recno= 1242838,RACS_1351+06A,8570,58597.65874,2,205.217886,9.114232,0.02,0.02,254.806,0.723,18.351,246.987,0.361,25.36,0.04,25.03,0.04,15.68,5.14,3.96,0.04,0.85,0.04,15.68,5.14,http://vizier.u-strasbg.fr/viz-bin/VizieR?-6N&-info=XML&-out.add=.&&lt;&quot;Note&quot;&catid=1019003803&notid=6&-out.emph=%-1s,3.8955,0.361,338.199954,68.531414,-
110257.39+073821.4,165.73913557589054,7.639303592860876,3.45,VI,J110257.4+073821,1,110257+073820,1,J110257+073826,1,J110257.4+073822,1,983197,J110257.4+073822,http://vizier.u-strasbg.fr/viz-bin/VizieR-5?-info=XML&-out.add=.&-source=J/other/PASA/38.58/galcut&recno=  983197,RACS_1057+06A,13667,58970.51151,1,165.739198,7.639529,0.06,0.06,69.329,0.647,5.392,67.149,0.366,25.54,0.14,25.28,0.14,42.07,21.07,5.21,0.14,3.67,0.14,42.07,21.07,http://vizier.u-strasbg.fr/viz-bin/VizieR?-6N&-info=XML&-out.add=.&&lt;&quot;Note&quot;&catid=1019003803&notid=6&-out.emph=%-1s,1.8338,0.363,245.07824,57.749465,-
014149.55-044026.3,25.45648345868338,-4.673986215,3.43,VI,J014149.5-044026,1,014149-044026,1,J014149-044025,1,J014149.9-044026,1,191332,J014149.9-044026,http://vizier.u-strasbg.fr/viz-bin/VizieR-5?-info=XML&-out.add=.&-source=J/other/PASA/38.58/galcut&recno=  191332,RACS_0151-06A,8587,58601.18781,1,25.458007,-4.674163,0.08,0.07,49.891,0.589,4.036,47.414,0.329,25.95,0.18,25.37,0.17,94.34,12.92,6.9,0.18,4.26,0.17,94.34,12.92,http://vizier.u-strasbg.fr/viz-bin/VizieR?-6N&-info=XML&-out.add=.&&lt;&quot;Note&quot;&catid=1019003803&notid=6&-out.emph=%-1s,2.9499,0.325,153.30066,-64.532369,-
084223.00+001001.7,130.59584675163632,0.1671475170986897,3.421,VI,J084223.0+001002,1,084222+001003,1,J084222+001003,1,J084222.8+001002,1,785291,J084222.8+001002,http://vizier.u-strasbg.fr/viz-bin/VizieR-5?-info=XML&-out.add=.&-source=J/other/PASA/38.58/galcut&recno=  785291,RACS_0853+00A,8592,58602.30584,1,130.59535,0.167373,0.13,0.13,25.612,0.512,2.349,23.957,0.282,26.54,0.32,25.21,0.29,132.51,9.49,8.87,0.32,3.1,0.29,132.51,9.49,http://vizier.u-strasbg.fr/viz-bin/VizieR?-6N&-info=XML&-out.add=.&&lt;&quot;Note&quot;&catid=1019003803&notid=6&-out.emph=%-1s,2.8578,0.278,226.255455,24.552531,-
084825.04+200011.7,132.1043562528554,20.003271113596465,3.418,VI,J084825.0+200011,1,084825+200011,1,J084824+200026,1,J084825.0+200011,1,772014,J084825.0+200011,http://vizier.u-strasbg.fr/viz-bin/VizieR-5?-info=XML&-out.add=.&-source=J/other/PASA/38.58/galcut&recno=  772014,RACS_0843+18A,8548,58595.50392,1,132.104296,20.003262,0.04,0.04,77.395,0.5,5.939,75.266,0.283,25.64,0.1,25.08,0.09,150.18,7.49,5.64,0.1,1.96,0.09,150.18,7.49,http://vizier.u-strasbg.fr/viz-bin/VizieR?-6N&-info=XML&-out.add=.&&lt;&quot;Note&quot;&catid=1019003803&notid=6&-out.emph=%-1s,1.6068,0.281,206.314888,34.370834,-
113502.79+080200.0,173.76165011303982,8.033338217283998,3.412,VI,J113502.8+080200,1,113502+080200,1,J113503+080139,1,J113502.7+080201,1,1015817,J113502.7+080201,http://vizier.u-strasbg.fr/viz-bin/VizieR-5?-info=XML&-out.add=.&-source=J/other/PASA/38.58/galcut&recno= 1015817,RACS_1122+06A,13669,58970.53513,1,173.761648,8.033623,0.14,0.13,23.833,0.481,2.221,21.688,0.26,27.17,0.34,25.33,0.29,112.92,7.81,10.52,0.34,4.06,0.29,112.92,7.81,http://vizier.u-strasbg.fr/viz-bin/VizieR?-6N&-info=XML&-out.add=.&&lt;&quot;Note&quot;&catid=1019003803&notid=6&-out.emph=%-1s,3.5089,0.255,255.948065,63.698716,-
020624.40-091617.3,31.601706538507578,-9.271477084,3.41,VI,J020624.4-091617,1,020624-091618,1,J020624-091615,1,J020624.3-091616,1,201747,J020624.3-091616,http://vizier.u-strasbg.fr/viz-bin/VizieR-5?-info=XML&-out.add=.&-source=J/other/PASA/38.58/galcut&recno=  201747,RACS_0206-12A,8641,58607.04411,1,31.601293,-9.271145,0.07,0.07,70.712,0.727,5.498,66.755,0.404,26.07,0.16,25.44,0.15,124.82,9.89,7.34,0.16,4.55,0.15,124.82,9.89,http://vizier.u-strasbg.fr/viz-bin/VizieR?-6N&-info=XML&-out.add=.&&lt;&quot;Note&quot;&catid=1019003803&notid=6&-out.emph=%-1s,3.3146,0.398,171.206754,-64.856977,-
105713.25-013913.7,164.30520848459344,-1.653830131,3.41,VI,J105713.2-013913,1,105713-013913,1,J105713-013916,1,J105713.1-013913,1,981099,J105713.1-013913,http://vizier.u-strasbg.fr/viz-bin/VizieR-5?-info=XML&-out.add=.&-source=J/other/PASA/38.58/galcut&recno=  981099,RACS_1057+00A,8589,58601.53404,1,164.304995,-1.653831,0.19,0.19,31.791,0.961,2.89,30.748,0.543,25.7,0.46,25.16,0.44,107.16,33.59,5.94,0.46,2.73,0.44,107.16,33.59,http://vizier.u-strasbg.fr/viz-bin/VizieR?-6N&-info=XML&-out.add=.&&lt;&quot;Note&quot;&catid=1019003803&notid=6&-out.emph=%-1s,1.6634,0.538,254.654522,50.196719,-
021928.90+002441.9,34.87043851539892,0.4116435130246019,3.396,VI,J021928.8+002442,1,021928+002441,1,J021928+002446,1,J021928.8+002442,1,217471,J021928.8+002442,http://vizier.u-strasbg.fr/viz-bin/VizieR-5?-info=XML&-out.add=.&-source=J/other/PASA/38.58/galcut&recno=  217471,RACS_0216+00A,8582,58600.11703,1,34.870154,0.411784,0.08,0.07,92.389,1.081,7.051,88.534,0.606,26.56,0.19,24.56,0.16,93.23,3.7,,0.19,,0.16,0.0,3.7,http://vizier.u-strasbg.fr/viz-bin/VizieR?-6N&-info=XML&-out.add=.&&lt;&quot;Note&quot;&catid=1019003803&notid=6&-out.emph=%-1s,0.8401,0.6,164.06313,-55.267604,-
025807.91+002126.7,44.532971122870265,0.3574387502427737,3.376,VI,J025807.9+002126,1,025807+002128,1,J025807+002133,1,J025807.8+002126,1,295283,J025807.8+002126,http://vizier.u-strasbg.fr/viz-bin/VizieR-5?-info=XML&-out.add=.&-source=J/other/PASA/38.58/galcut&recno=  295283,RACS_0306+00A,8582,58600.12774,1,44.532678,0.357403,0.24,0.22,18.411,0.672,1.911,17.972,0.382,26.18,0.57,24.47,0.5,105.2,13.26,,0.57,,0.5,0.0,13.26,http://vizier.u-strasbg.fr/viz-bin/VizieR?-6N&-info=XML&-out.add=.&&lt;&quot;Note&quot;&catid=1019003803&notid=6&-out.emph=%-1s,2.0504,0.38,176.074969,-48.98793,-
110805.84+103307.8,167.02436004568193,10.552193726871495,3.373,VI,J110805.8+103307,1,110805+103307,1,J110805+103318,1,J110805.8+103308,1,973053,J110805.8+103308,http://vizier.u-strasbg.fr/viz-bin/VizieR-5?-info=XML&-out.add=.&-source=J/other/PASA/38.58/galcut&recno=  973053,RACS_1056+12A,13666,58970.49965,1,167.024189,10.552465,0.16,0.17,27.75,0.699,2.541,25.98,0.386,26.01,0.39,25.71,0.38,168.01,47.12,7.17,0.39,5.84,0.38,168.01,47.12,http://vizier.u-strasbg.fr/viz-bin/VizieR?-6N&-info=XML&-out.add=.&&lt;&quot;Note&quot;&catid=1019003803&notid=6&-out.emph=%-1s,3.4224,0.38,242.238352,60.574331,-
021937.13-093540.4,34.90472502126164,-9.594569833,3.369,VI,J021937.1-093540,1,021937-093541,1,J021937-093535,1,J021937.0-093540,1,222746,J021937.0-093540,http://vizier.u-strasbg.fr/viz-bin/VizieR-5?-info=XML&-out.add=.&-source=J/other/PASA/38.58/galcut&recno=  222746,RACS_0216-06A,12463,58935.22351,1,34.904508,-9.59447,0.15,0.16,24.349,0.576,2.279,22.542,0.316,26.43,0.38,25.59,0.35,134.94,17.25,8.54,0.38,5.3,0.35,134.94,17.25,http://vizier.u-strasbg.fr/viz-bin/VizieR?-6N&-info=XML&-out.add=.&&lt;&quot;Note&quot;&catid=1019003803&notid=6&-out.emph=%-1s,3.3811,0.31,176.98114,-62.795678,-
164208.61+184859.4,250.53591287698214,18.816519862487002,3.333,VI,J164208.6+184859,1,164208+184859,1,J164208+184853,1,J164208.5+184859,1,1492636,J164208.5+184859,http://vizier.u-strasbg.fr/viz-bin/VizieR-5?-info=XML&-out.add=.&-source=J/other/PASA/38.58/galcut&recno= 1492636,RACS_1634+18A,8548,58595.80251,1,250.535796,18.816484,0.04,0.04,236.851,1.473,17.143,228.875,0.831,25.76,0.09,25.12,0.09,168.01,6.4,6.21,0.09,2.33,0.09,168.01,6.4,http://vizier.u-strasbg.fr/viz-bin/VizieR?-6N&-info=XML&-out.add=.&&lt;&quot;Note&quot;&catid=1019003803&notid=6&-out.emph=%-1s,1.7122,0.824,36.955944,36.692321,-
233446.40-090812.2,353.693338,-9.136733,3.329,DR6Q_HW,J233446.3-090812,1,233446-090811,1,J233446-090801,1,J233446.3-090811,1,2102237,J233446.3-090811,http://vizier.u-strasbg.fr/viz-bin/VizieR-5?-info=XML&-out.add=.&-source=J/other/PASA/38.58/galcut&recno= 2102237,RACS_2334-12A,12517,58936.11148,1,353.69312,-9.136627,0.2,0.2,29.727,0.958,2.753,29.154,0.546,25.49,0.48,25.05,0.46,73.63,40.46,4.95,0.48,0.58,0.46,73.63,40.46,http://vizier.u-strasbg.fr/viz-bin/VizieR?-6N&-info=XML&-out.add=.&&lt;&quot;Note&quot;&catid=1019003803&notid=6&-out.emph=%-1s,3.4491,0.544,74.147341,-64.474676,-
073458.89+250455.0,113.7454111997802,25.08196447013357,3.296,VI,J073458.9+250455,1,073458+250455,1,J073500+250521,1,J073458.8+250456,1,701365,J073458.8+250456,http://vizier.u-strasbg.fr/viz-bin/VizieR-5?-info=XML&-out.add=.&-source=J/other/PASA/38.58/galcut&recno=  701365,RACS_0741+25A,8547,58595.37986,1,113.745137,25.082305,0.05,0.05,75.425,0.639,5.815,71.887,0.357,25.83,0.13,25.4,0.13,163.63,11.33,6.47,0.13,4.45,0.13,163.63,11.33,http://vizier.u-strasbg.fr/viz-bin/VizieR?-6N&-info=XML&-out.add=.&&lt;&quot;Note&quot;&catid=1019003803&notid=6&-out.emph=%-1s,1.564,0.353,194.333394,20.213847,-
152228.92+114313.2,230.62050512817464,11.720359036600335,3.296,VI,J152228.9+114313,1,152228+114313,1,J152229+114330,1,J152228.8+114311,1,1406016,J152228.8+114311,http://vizier.u-strasbg.fr/viz-bin/VizieR-5?-info=XML&-out.add=.&-source=J/other/PASA/38.58/galcut&recno= 1406016,RACS_1534+12A,8570,58597.70137,1,230.620344,11.71998,0.14,0.14,31.671,0.688,2.803,29.812,0.381,26.07,0.34,25.51,0.32,159.3,22.86,7.35,0.34,4.94,0.32,159.3,22.86,http://vizier.u-strasbg.fr/viz-bin/VizieR?-6N&-info=XML&-out.add=.&&lt;&quot;Note&quot;&catid=1019003803&notid=6&-out.emph=%-1s,3.1165,0.376,16.909107,51.40324,-
021435.77+015703.0,33.64906174783346,1.9508433106636311,3.285,VI,J021435.7+015703,1,021435+015702,1,J021435+015657,1,J021435.7+015703,1,217846,J021435.7+015703,http://vizier.u-strasbg.fr/viz-bin/VizieR-5?-info=XML&-out.add=.&-source=J/other/PASA/38.58/galcut&recno=  217846,RACS_0216+00A,8582,58600.11703,1,33.648898,1.950972,0.11,0.08,226.823,3.501,16.748,237.015,2.068,26.86,0.26,22.28,0.18,84.25,2.04,,0.26,,0.18,0.0,2.04,http://vizier.u-strasbg.fr/viz-bin/VizieR?-6N&-info=XML&-out.add=.&&lt;&quot;Note&quot;&catid=1019003803&notid=6&-out.emph=%-1s,2.0113,2.105,160.790614,-54.689939,-
125630.27+054439.2,194.12614022652545,5.744241359293636,3.274,VI,J125630.2+054439,1,125630+054439,1,J125630+054448,1,J125630.2+054439,1,1158147,J125630.2+054439,http://vizier.u-strasbg.fr/viz-bin/VizieR-5?-info=XML&-out.add=.&-source=J/other/PASA/38.58/galcut&recno= 1158147,RACS_1302+06A,13588,58969.59962,1,194.126091,5.744301,0.05,0.05,69.696,0.587,5.411,67.504,0.332,25.56,0.13,25.25,0.12,64.21,16.26,5.31,0.13,3.53,0.12,64.21,16.26,http://vizier.u-strasbg.fr/viz-bin/VizieR?-6N&-info=XML&-out.add=.&&lt;&quot;Note&quot;&catid=1019003803&notid=6&-out.emph=%-1s,1.4891,0.329,306.384877,68.582075,-
081310.80+131629.3,123.29502852048007,13.274831097302817,3.266,VI,J081310.8+131629,1,081310+131629,1,J081311+131627,1,J081310.6+131629,1,747670,J081310.6+131629,http://vizier.u-strasbg.fr/viz-bin/VizieR-5?-info=XML&-out.add=.&-source=J/other/PASA/38.58/galcut&recno=  747670,RACS_0825+12A,8568,58597.41832,1,123.294524,13.274878,0.1,0.1,74.43,1.165,5.828,70.587,0.649,26.25,0.25,25.14,0.23,59.86,8.42,7.89,0.25,2.66,0.23,59.86,8.42,http://vizier.u-strasbg.fr/viz-bin/VizieR?-6N&-info=XML&-out.add=.&&lt;&quot;Note&quot;&catid=1019003803&notid=6&-out.emph=%-1s,3.0253,0.641,209.830828,24.025082,-
150021.42+144630.7,225.08927065119087,14.77521805444698,3.251,VI,J150021.4+144630,1,150021+144629,1,J150022+144622,1,J150021.4+144630,1,1366932,J150021.4+144630,http://vizier.u-strasbg.fr/viz-bin/VizieR-5?-info=XML&-out.add=.&-source=J/other/PASA/38.58/galcut&recno= 1366932,RACS_1509+12A,13593,58969.65872,1,225.089304,14.77506,0.05,0.05,66.901,0.563,5.214,65.165,0.319,25.46,0.13,25.24,0.12,7.27,23.38,4.7,0.13,3.37,0.12,7.27,23.38,http://vizier.u-strasbg.fr/viz-bin/VizieR?-6N&-info=XML&-out.add=.&&lt;&quot;Note&quot;&catid=1019003803&notid=6&-out.emph=%-1s,3.1172,0.317,17.123978,57.591515,-
133121.81+000248.4,202.84090827116734,0.04679241162240384,3.233,VI,J133121.8+000248,1,133121+000249,1,J133123+000230,1,J133121.8+000247,1,1194141,J133121.8+000247,http://vizier.u-strasbg.fr/viz-bin/VizieR-5?-info=XML&-out.add=.&-source=J/other/PASA/38.58/galcut&recno= 1194141,RACS_1326+00A,13591,58969.63522,1,202.841049,0.046579,0.03,0.03,113.243,0.548,8.445,109.413,0.309,25.56,0.07,25.31,0.07,86.17,11.91,5.31,0.07,3.96,0.07,86.17,11.91,http://vizier.u-strasbg.fr/viz-bin/VizieR?-6N&-info=XML&-out.add=.&&lt;&quot;Note&quot;&catid=1019003803&notid=6&-out.emph=%-1s,1.1179,0.307,324.067979,61.269123,-
131049.64+162858.2,197.70684183321492,16.482856578423334,3.222,VI,J131049.6+162858,1,131049+162858,1,J131049+162854,1,J131049.6+162858,1,1169978,J131049.6+162858,http://vizier.u-strasbg.fr/viz-bin/VizieR-5?-info=XML&-out.add=.&-source=J/other/PASA/38.58/galcut&recno= 1169978,RACS_1305+18A,8548,58595.6319,1,197.706683,16.482866,0.05,0.06,214.246,1.789,15.6,201.228,0.99,26.25,0.13,25.38,0.12,169.39,6.48,7.94,0.13,4.32,0.12,169.39,6.48,http://vizier.u-strasbg.fr/viz-bin/VizieR?-6N&-info=XML&-out.add=.&&lt;&quot;Note&quot;&catid=1019003803&notid=6&-out.emph=%-1s,2.6979,0.975,326.794831,78.446228,-
085336.64+174347.8,133.40270636820907,17.729971706210375,3.219,VI,J085336.6+174348,1,085336+174348,1,J085336+174330,1,J085336.6+174348,1,771517,J085336.6+174348,http://vizier.u-strasbg.fr/viz-bin/VizieR-5?-info=XML&-out.add=.&-source=J/other/PASA/38.58/galcut&recno=  771517,RACS_0843+18A,8548,58595.50392,1,133.402586,17.730027,0.06,0.06,52.915,0.536,4.238,51.033,0.302,25.67,0.15,25.27,0.15,147.25,15.47,5.81,0.15,3.54,0.15,147.25,15.47,http://vizier.u-strasbg.fr/viz-bin/VizieR?-6N&-info=XML&-out.add=.&&lt;&quot;Note&quot;&catid=1019003803&notid=6&-out.emph=%-1s,2.6224,0.299,209.42234,34.72647,-
104645.61+034936.0,161.69006140313286,3.826676110839202,3.216,VI,J104645.6+034935,1,104645+034936,1,J104645+034930,1,J104645.6+034935,1,985116,J104645.6+034935,http://vizier.u-strasbg.fr/viz-bin/VizieR-5?-info=XML&-out.add=.&-source=J/other/PASA/38.58/galcut&recno=  985116,RACS_1057+06A,13667,58970.51151,1,161.690179,3.826662,0.03,0.03,108.595,0.577,8.122,105.736,0.327,25.43,0.08,25.29,0.08,93.95,25.55,4.48,0.08,3.71,0.08,93.95,25.55,http://vizier.u-strasbg.fr/viz-bin/VizieR?-6N&-info=XML&-out.add=.&&lt;&quot;Note&quot;&catid=1019003803&notid=6&-out.emph=%-1s,3.7188,0.325,245.502906,52.208382,-
140501.12+041535.8,211.254673,4.259948,3.209,DR6Q_HW,J140501.1+041535,1,140501+041536,1,J140501+041534,1,J140501.0+041535,1,1277714,J140501.0+041535,http://vizier.u-strasbg.fr/viz-bin/VizieR-5?-info=XML&-out.add=.&-source=J/other/PASA/38.58/galcut&recno= 1277714,RACS_1416+06A,8570,58597.64803,1,211.254359,4.25996,0.01,0.01,1038.479,2.228,73.227,1010.338,1.263,25.44,0.03,25.3,0.03,168.71,8.66,4.6,0.03,3.71,0.03,168.71,8.66,http://vizier.u-strasbg.fr/viz-bin/VizieR?-6N&-info=XML&-out.add=.&&lt;&quot;Note&quot;&catid=1019003803&notid=6&-out.emph=%-1s,3.5193,1.255,343.669423,61.169679,-
090052.38+135730.8,135.21828803380552,13.958563801279269,3.203,VI,J090052.3+135730,1,090052+135730,1,J090051+135728,1,J090052.3+135730,1,778754,J090052.3+135730,http://vizier.u-strasbg.fr/viz-bin/VizieR-5?-info=XML&-out.add=.&-source=J/other/PASA/38.58/galcut&recno=  778754,RACS_0850+12A,8568,58597.42892,1,135.21797,13.958561,0.31,0.33,48.189,2.47,4.594,46.721,1.396,25.77,0.78,25.04,0.74,172.82,42.87,6.22,0.78,1.08,0.74,172.82,42.87,http://vizier.u-strasbg.fr/viz-bin/VizieR?-6N&-info=XML&-out.add=.&&lt;&quot;Note&quot;&catid=1019003803&notid=6&-out.emph=%-1s,2.8695,1.386,214.480334,34.90807,-
082303.22+052907.6,125.76344093034743,5.485462042673814,3.197,VI,J082303.2+052907,1,082303+052908,1,J082302+052856,1,J082303.2+052907,1,755748,J082303.2+052907,http://vizier.u-strasbg.fr/viz-bin/VizieR-5?-info=XML&-out.add=.&-source=J/other/PASA/38.58/galcut&recno=  755748,RACS_0828+06A,8574,58598.3658,1,125.763528,5.485518,0.34,0.24,31.998,0.947,2.899,19.344,0.382,37.59,0.84,27.52,0.48,113.19,2.93,28.06,0.84,11.5,0.48,113.19,2.93,http://vizier.u-strasbg.fr/viz-bin/VizieR?-6N&-info=XML&-out.add=.&&lt;&quot;Note&quot;&catid=1019003803&notid=6&-out.emph=%-1s,1.6782,0.359,218.635061,22.853531,-
155834.03+130416.1,239.64180698260697,13.071164566528994,3.195,VI,J155834.0+130416,1,155834+130416,1,J155833+130427,1,J155834.0+130415,1,1443566,J155834.0+130415,http://vizier.u-strasbg.fr/viz-bin/VizieR-5?-info=XML&-out.add=.&-source=J/other/PASA/38.58/galcut&recno= 1443566,RACS_1600+12A,13757,58971.69393,2,239.641714,13.071052,0.03,0.02,136.207,0.663,10.056,129.14,0.296,25.86,0.06,24.93,0.06,140.64,2.62,6.61,0.06,,0.06,140.64,2.62,http://vizier.u-strasbg.fr/viz-bin/VizieR?-6N&-info=XML&-out.add=.&&lt;&quot;Note&quot;&catid=1019003803&notid=6&-out.emph=%-1s,0.6018,0.296,24.685919,44.168789,-
094113.55+114532.2,145.30647087934034,11.75896676958523,3.194,VI,J094113.5+114532,1,094113+114533,1,J094116+114518,1,J094113.4+114531,1,852494,J094113.4+114531,http://vizier.u-strasbg.fr/viz-bin/VizieR-5?-info=XML&-out.add=.&-source=J/other/PASA/38.58/galcut&recno=  852494,RACS_0941+12A,8569,58597.48537,1,145.306189,11.758819,0.02,0.03,237.739,0.959,17.169,231.459,0.544,25.5,0.06,25.17,0.06,5.46,7.43,5.03,0.06,2.95,0.06,5.46,7.43,http://vizier.u-strasbg.fr/viz-bin/VizieR?-6N&-info=XML&-out.add=.&&lt;&quot;Note&quot;&catid=1019003803&notid=6&-out.emph=%-1s,0.8233,0.54,222.356495,42.920068,-
145722.53+051921.8,224.34389322474303,5.322734110343889,3.178,VI,J145722.5+051921,1,145722+051922,1,J145722+051921,1,J145722.5+051920,1,1361379,J145722.5+051920,http://vizier.u-strasbg.fr/viz-bin/VizieR-5?-info=XML&-out.add=.&-source=J/other/PASA/38.58/galcut&recno= 1361379,RACS_1506+06A,13594,58969.67047,1,224.344017,5.322464,0.04,0.04,141.238,0.924,10.428,137.935,0.525,25.55,0.1,25.07,0.09,108.31,8.51,5.15,0.1,1.91,0.09,108.31,8.51,http://vizier.u-strasbg.fr/viz-bin/VizieR?-6N&-info=XML&-out.add=.&&lt;&quot;Note&quot;&catid=1019003803&notid=6&-out.emph=%-1s,2.402,0.522,2.570482,52.938608,-
125811.98+282748.5,194.54993508487757,28.4634830630339,3.177,VI,J125811.9+282748,1,125811+282749,1,J125811+282745,1,J125811.9+282749,1,1176798,J125811.9+282749,http://vizier.u-strasbg.fr/viz-bin/VizieR-5?-info=XML&-out.add=.&-source=J/other/PASA/38.58/galcut&recno= 1176798,RACS_1307+25A,8548,58595.59988,1,194.549772,28.463752,0.06,0.05,135.48,1.184,10.053,133.349,0.676,25.5,0.13,24.96,0.13,75.09,8.72,,0.13,,0.13,0.0,8.72,http://vizier.u-strasbg.fr/viz-bin/VizieR?-6N&-info=XML&-out.add=.&&lt;&quot;Note&quot;&catid=1019003803&notid=6&-out.emph=%-1s,3.9817,0.673,75.093329,87.995224,-
082209.92+231011.8,125.54135708709072,23.16995594761185,3.175,VI,J082209.9+231011,1,082209+231011,1,J082209+231023,1,J082209.8+231012,1,731323,J082209.8+231012,http://vizier.u-strasbg.fr/viz-bin/VizieR-5?-info=XML&-out.add=.&-source=J/other/PASA/38.58/galcut&recno=  731323,RACS_0809+25A,8548,58595.47201,1,125.541143,23.17001,0.17,0.16,26.977,0.733,2.498,27.408,0.427,25.44,0.41,24.22,0.37,108.08,14.39,,0.41,,0.37,0.0,14.39,http://vizier.u-strasbg.fr/viz-bin/VizieR?-6N&-info=XML&-out.add=.&&lt;&quot;Note&quot;&catid=1019003803&notid=6&-out.emph=%-1s,3.5725,0.429,200.40134,29.664447,-
002225.68+050208.7,5.60703476887528,5.035771193689178,3.161,VI,J002225.6+050209,1,002225+050209,1,J002225+050207,1,J002225.6+050209,1,27553,J002225.6+050209,http://vizier.u-strasbg.fr/viz-bin/VizieR-5?-info=XML&-out.add=.&-source=J/other/PASA/38.58/galcut&recno=   27553,RACS_0012+06A,8578,58599.13345,1,5.607,5.036091,0.07,0.06,170.16,1.781,12.538,166.568,1.013,26.04,0.16,24.55,0.15,108.69,4.53,,0.16,,0.15,0.0,4.53,http://vizier.u-strasbg.fr/viz-bin/VizieR?-6N&-info=XML&-out.add=.&&lt;&quot;Note&quot;&catid=1019003803&notid=6&-out.emph=%-1s,2.7913,1.008,109.55276,-57.080164,-
212026.73+044807.6,320.111413568665,4.802116528816909,3.152,VI,J212026.7+044807,1,212026+044807,1,J212027+044820,1,J212026.7+044807,1,1885065,J212026.7+044807,http://vizier.u-strasbg.fr/viz-bin/VizieR-5?-info=XML&-out.add=.&-source=J/other/PASA/38.58/galcut&recno= 1885065,RACS_2118+06A,8582,58600.02072,1,320.111454,4.802214,0.05,0.04,163.274,1.201,11.99,159.899,0.683,26.21,0.12,24.36,0.1,89.69,2.48,,0.12,,0.1,0.0,2.48,http://vizier.u-strasbg.fr/viz-bin/VizieR?-6N&-info=XML&-out.add=.&&lt;&quot;Note&quot;&catid=1019003803&notid=6&-out.emph=%-1s,1.5604,0.681,56.714817,-29.911676,-
212555.33-012719.5,321.4805709862128,-1.455417968,3.149,VI,J212555.3-012719,1,212555-012717,1,J212555-012715,1,J212555.3-012719,1,1882221,J212555.3-012719,http://vizier.u-strasbg.fr/viz-bin/VizieR-5?-info=XML&-out.add=.&-source=J/other/PASA/38.58/galcut&recno= 1882221,RACS_2118+00A,8591,58601.97503,1,321.48045,-1.455475,0.14,0.13,37.37,0.8,3.217,36.19,0.452,25.72,0.32,25.12,0.31,65.0,22.44,5.94,0.32,2.42,0.31,65.0,22.44,http://vizier.u-strasbg.fr/viz-bin/VizieR?-6N&-info=XML&-out.add=.&&lt;&quot;Note&quot;&catid=1019003803&notid=6&-out.emph=%-1s,2.3344,0.449,51.470138,-34.534525,-
090549.05+041010.1,136.45440785543263,4.169486213351499,3.148,VI,J090549.0+041010,1,090549+041010,1,J090548+041012,1,J090548.9+041010,1,785463,J090548.9+041010,http://vizier.u-strasbg.fr/viz-bin/VizieR-5?-info=XML&-out.add=.&-source=J/other/PASA/38.58/galcut&recno=  785463,RACS_0853+06A,8589,58601.50202,1,136.454137,4.169492,0.03,0.03,197.339,0.805,14.336,190.426,0.454,25.68,0.06,25.28,0.06,2.89,6.26,5.77,0.06,3.52,0.06,2.89,6.26,http://vizier.u-strasbg.fr/viz-bin/VizieR?-6N&-info=XML&-out.add=.&&lt;&quot;Note&quot;&catid=1019003803&notid=6&-out.emph=%-1s,3.6711,0.45,225.612502,31.620639,-
161005.28+181143.4,242.52203709420598,18.195405794220623,3.122,VI,J161005.2+181143,1,161005+181143,1,J161005+181140,1,J161005.2+181144,1,1452883,J161005.2+181144,http://vizier.u-strasbg.fr/viz-bin/VizieR-5?-info=XML&-out.add=.&-source=J/other/PASA/38.58/galcut&recno= 1452883,RACS_1608+18A,8548,58595.75989,1,242.521675,18.195673,0.03,0.03,267.707,1.4,19.29,252.266,0.777,26.19,0.08,25.33,0.08,168.03,3.89,7.8,0.08,4.05,0.08,168.03,3.89,http://vizier.u-strasbg.fr/viz-bin/VizieR?-6N&-info=XML&-out.add=.&&lt;&quot;Note&quot;&catid=1019003803&notid=6&-out.emph=%-1s,0.7366,0.766,32.735255,43.603457,-
101644.31+203747.2,154.1846619632452,20.62980389045883,3.114,VI,J101644.3+203747,1,101644+203746,1,J101643+203806,1,J101644.2+203747,1,922302,J101644.2+203747,http://vizier.u-strasbg.fr/viz-bin/VizieR-5?-info=XML&-out.add=.&-source=J/other/PASA/38.58/galcut&recno=  922302,RACS_1028+18A,8568,58597.46095,3,154.184359,20.629794,0.02,0.02,776.166,2.948,54.911,740.737,1.302,26.42,0.05,24.94,0.04,16.56,1.31,8.48,0.05,,0.04,16.56,1.31,http://vizier.u-strasbg.fr/viz-bin/VizieR?-6N&-info=XML&-out.add=.&&lt;&quot;Note&quot;&catid=1019003803&notid=6&-out.emph=%-1s,3.2592,1.302,214.850636,54.185651,-
103626.88+132651.7,159.11202618835338,13.44770778941094,3.101,VI,J103626.9+132651,1,103626+132654,1,J103626+132702,1,J103626.8+132653,1,929567,J103626.8+132653,http://vizier.u-strasbg.fr/viz-bin/VizieR-5?-info=XML&-out.add=.&-source=J/other/PASA/38.58/galcut&recno=  929567,RACS_1031+12A,8569,58597.49608,1,159.111683,13.448328,0.03,0.04,146.113,0.786,10.757,123.788,0.405,28.8,0.1,25.62,0.08,159.18,1.49,14.29,0.1,5.59,0.08,159.18,1.49,http://vizier.u-strasbg.fr/viz-bin/VizieR?-6N&-info=XML&-out.add=.&&lt;&quot;Note&quot;&catid=1019003803&notid=6&-out.emph=%-1s,1.469,0.391,229.599593,55.666962,-
224309.29-021903.0,340.7887488094033,-2.317527682,3.095,VI,J224309.3-021902,1,224309-021903,1,J224309-021855,1,J224309.2-021902,1,1995040,J224309.2-021902,http://vizier.u-strasbg.fr/viz-bin/VizieR-5?-info=XML&-out.add=.&-source=J/other/PASA/38.58/galcut&recno= 1995040,RACS_2233+00A,8586,58600.96121,1,340.788683,-2.31742,0.05,0.05,93.412,0.778,7.082,89.858,0.438,25.61,0.13,25.42,0.12,22.49,31.16,5.38,0.13,4.54,0.12,22.49,31.16,http://vizier.u-strasbg.fr/viz-bin/VizieR?-6N&-info=XML&-out.add=.&&lt;&quot;Note&quot;&catid=1019003803&notid=6&-out.emph=%-1s,3.4178,0.433,66.352416,-50.532975,-
162324.71+154247.9,245.85297048566207,15.71332071470235,3.091,VI,J162324.7+154248,1,162324+154248,1,J162325+154227,1,J162324.6+154248,1,1478900,J162324.6+154248,http://vizier.u-strasbg.fr/viz-bin/VizieR-5?-info=XML&-out.add=.&-source=J/other/PASA/38.58/galcut&recno= 1478900,RACS_1625+12A,8570,58597.71208,1,245.852895,15.713443,0.04,0.04,136.337,0.791,10.075,136.089,0.456,25.17,0.08,24.91,0.08,88.91,11.39,,0.08,,0.08,0.0,11.39,http://vizier.u-strasbg.fr/viz-bin/VizieR?-6N&-info=XML&-out.add=.&&lt;&quot;Note&quot;&catid=1019003803&notid=6&-out.emph=%-1s,3.1643,0.456,31.205455,39.729407,-
145805.99+085530.1,224.5249627642492,8.925034100211851,3.09,VI,J145805.9+085529,1,145805+085529,1,J145806+085529,1,J145805.9+085529,1,1361297,J145805.9+085529,http://vizier.u-strasbg.fr/viz-bin/VizieR-5?-info=XML&-out.add=.&-source=J/other/PASA/38.58/galcut&recno= 1361297,RACS_1506+06A,13594,58969.67047,1,224.524916,8.924992,0.02,0.02,318.108,0.821,22.782,312.179,0.468,25.34,0.04,25.18,0.04,57.28,11.71,3.89,0.04,2.94,0.04,57.28,11.71,http://vizier.u-strasbg.fr/viz-bin/VizieR?-6N&-info=XML&-out.add=.&&lt;&quot;Note&quot;&catid=1019003803&notid=6&-out.emph=%-1s,3.3094,0.466,7.615173,54.99122,-
005036.81+062522.3,12.653378504844643,6.422863695477311,3.067,VI,J005036.8+062522,1,005036+062521,1,J005036+062528,1,J005036.7+062522,1,103554,J005036.7+062522,http://vizier.u-strasbg.fr/viz-bin/VizieR-5?-info=XML&-out.add=.&-source=J/other/PASA/38.58/galcut&recno=  103554,RACS_0102+06A,8572,58598.18632,1,12.65316,6.423003,0.08,0.09,61.426,0.854,4.875,60.762,0.489,25.38,0.21,24.93,0.2,157.14,17.19,,0.21,,0.2,0.0,17.19,http://vizier.u-strasbg.fr/viz-bin/VizieR?-6N&-info=XML&-out.add=.&&lt;&quot;Note&quot;&catid=1019003803&notid=6&-out.emph=%-1s,2.8493,0.488,122.560957,-56.448152,-
025355.98-011345.3,43.48326001877433,-1.229273359,3.066,VI,J025356.0-011345,1,025356-011348,1,J025356-011349,1,J025356.4-011348,1,295618,J025356.4-011348,http://vizier.u-strasbg.fr/viz-bin/VizieR-5?-info=XML&-out.add=.&-source=J/other/PASA/38.58/galcut&recno=  295618,RACS_0306+00A,8582,58600.12774,2,43.48533,-1.230022,0.05,0.07,181.615,1.679,13.319,137.083,0.625,31.74,0.17,24.68,0.11,94.5,0.89,,0.17,,0.11,0.0,0.89,http://vizier.u-strasbg.fr/viz-bin/VizieR?-6N&-info=XML&-out.add=.&&lt;&quot;Note&quot;&catid=1019003803&notid=6&-out.emph=%-1s,3.3037,0.625,176.700852,-50.846528,-
112851.69+232617.3,172.21539515817912,23.438144616142672,3.042,VI,J112851.6+232617,1,112851+232616,1,J112851+232615,1,J112851.6+232617,1,1002107,J112851.6+232617,http://vizier.u-strasbg.fr/viz-bin/VizieR-5?-info=XML&-out.add=.&-source=J/other/PASA/38.58/galcut&recno= 1002107,RACS_1119+25A,8548,58595.54654,1,172.215307,23.4382,0.03,0.03,199.133,0.933,14.469,192.66,0.527,25.56,0.07,25.3,0.07,14.95,11.87,5.26,0.07,3.8,0.07,14.95,11.87,http://vizier.u-strasbg.fr/viz-bin/VizieR?-6N&-info=XML&-out.add=.&&lt;&quot;Note&quot;&catid=1019003803&notid=6&-out.emph=%-1s,2.7653,0.523,219.543831,70.995707,-
004112.33+073650.9,10.301398621517876,7.614149959968928,3.024,VI,J004112.3+073650,1,004112+073650,1,J004112+073656,1,J004112.2+073651,1,70490,J004112.2+073651,http://vizier.u-strasbg.fr/viz-bin/VizieR-5?-info=XML&-out.add=.&-source=J/other/PASA/38.58/galcut&recno=   70490,RACS_0037+06A,8578,58599.12285,1,10.301219,7.614365,0.08,0.08,239.095,2.987,17.494,226.456,1.663,25.87,0.19,25.52,0.19,126.31,22.82,6.61,0.19,5.12,0.19,126.31,22.82,http://vizier.u-strasbg.fr/viz-bin/VizieR?-6N&-info=XML&-out.add=.&&lt;&quot;Note&quot;&catid=1019003803&notid=6&-out.emph=%-1s,1.6456,1.642,118.489348,-55.16909,-
023518.98-090317.0,38.82910450214864,-9.054727451,3.022,VI,J023518.9-090317,1,023518-090318,1,J023520-090333,1,J023518.9-090316,1,261968,J023518.9-090316,http://vizier.u-strasbg.fr/viz-bin/VizieR-5?-info=XML&-out.add=.&-source=J/other/PASA/38.58/galcut&recno=  261968,RACS_0241-06A,8587,58601.19852,1,38.829027,-9.054594,0.1,0.1,49.579,0.778,4.046,48.696,0.444,25.43,0.23,25.06,0.23,39.58,24.34,4.61,0.23,1.26,0.23,39.58,24.34,http://vizier.u-strasbg.fr/viz-bin/VizieR?-6N&-info=XML&-out.add=.&&lt;&quot;Note&quot;&catid=1019003803&notid=6&-out.emph=%-1s,3.1378,0.442,181.453742,-59.532109,-
000420.93-094615.7,1.0872427960890008,-9.771050382,3.019,VI,J000420.9-094615,1,000420-094617,1,J000420-094609,1,J000420.9-094615,1,3912,J000420.9-094615,http://vizier.u-strasbg.fr/viz-bin/VizieR-5?-info=XML&-out.add=.&-source=J/other/PASA/38.58/galcut&recno=    3912,RACS_0000-12A,10383,58787.66615,1,1.087298,-9.771019,0.14,0.15,24.893,0.545,2.308,23.512,0.302,26.48,0.35,25.03,0.31,24.28,9.33,8.67,0.35,0.67,0.31,24.28,9.33,http://vizier.u-strasbg.fr/viz-bin/VizieR?-6N&-info=XML&-out.add=.&&lt;&quot;Note&quot;&catid=1019003803&notid=6&-out.emph=%-1s,3.01,0.299,88.093587,-69.3928,-
095252.86+164020.3,148.22028733404304,16.672319716935913,3.019,VI,J095252.8+164020,1,095252+164020,1,J095253+164009,1,J095252.8+164020,1,883121,J095252.8+164020,http://vizier.u-strasbg.fr/viz-bin/VizieR-5?-info=XML&-out.add=.&-source=J/other/PASA/38.58/galcut&recno=  883121,RACS_1002+18A,8548,58595.52523,1,148.220222,16.672424,0.08,0.08,55.891,0.703,4.468,55.113,0.402,25.56,0.19,24.84,0.18,95.42,9.99,,0.19,,0.18,0.0,9.99,http://vizier.u-strasbg.fr/viz-bin/VizieR?-6N&-info=XML&-out.add=.&&lt;&quot;Note&quot;&catid=1019003803&notid=6&-out.emph=%-1s,3.1112,0.401,217.643493,47.515985,-
101950.05-025602.4,154.95858169612785,-2.934003987,3.0,VI,J101950.0-025602,1,101950-025603,1,J101950-025605,1,J101950.0-025602,1,895987,J101950.0-025602,http://vizier.u-strasbg.fr/viz-bin/VizieR-5?-info=XML&-out.add=.&-source=J/other/PASA/38.58/galcut&recno=  895987,RACS_1008+00A,8589,58601.51273,1,154.958531,-2.933941,0.16,0.14,37.453,0.852,3.236,34.604,0.466,26.76,0.37,25.35,0.33,73.88,10.49,9.4,0.37,4.09,0.33,73.88,10.49,http://vizier.u-strasbg.fr/viz-bin/VizieR?-6N&-info=XML&-out.add=.&&lt;&quot;Note&quot;&catid=1019003803&notid=6&-out.emph=%-1s,4.1171,0.458,246.355526,42.68806,-
